x_pos,y_pos,z_pos,x_angle,y_angle,x_target,y_target,z_target
60.0,10.0,40.0,0.0,0.0,60.02005,11.50724,62.19345
60.0,7.97,40.0,351.31,3.44,60.1801,10.59555,60.52362
49.37,10.69,52.69,199.36,-22.06,42.06331,7.801328,42.39212
20.95,18.99,134.42,30.39,-46.44,25.56506,7.210017,147.9932
186.22,10.1,72.55,5.39,4.87,188.141,13.9594,98.43426
248.17,7.99,5.1,62.72,-1.81,275.2423,7.937023,19.93701
250.97,39.29,103.63,270.51,-34.37,209.3531,7.300495,88.72213
91.4,10.92,255.15,29.46,-18.33,172.6889,5.685268,270.6117
108.44,9.28,154.7,62.53,8.6,156.7947,7.755474,205.4994
119.31,7.98,50.26,169.73,-2.65,124.2196,7.930668,22.93282
264.89,28.43,72.28,261.69,17.75,257.5716,33.37334,75.38673
198.61,19.07,192.14,63.87,-35.84,205.4632,14.36003,197.34
84.19,26.62,214.39,65.83,-19.88,110.5262,8.022007,227.0703
0.0,7.98,205.43,110.67,0.12,20.88585,7.876004,193.3716
49.84,7.98,154.41,182.44,-0.36,56.41279,9.890625,152.1856
30.65,7.99,266.0,354.57,-3.67,29.71788,8.708674,282.3925
68.35,7.97,296.53,247.88,-4.98,49.87276,7.87749,288.8939
29.3,42.38,122.47,178.64,51.22,29.03325,45.77686,117.9372
19.79,32.55,11.14,70.46,-10.98,95.62585,7.504536,86.13639
156.84,7.99,0.0,313.93,-0.41,117.7397,7.916248,25.48699
132.32,7.97,0.5,0.87,-3.12,131.4296,7.825152,27.19247
15.42,28.41,114.27,152.57,42.18,17.56047,32.59735,108.8007
15.8,8.0,48.05,199.97,-4.08,7.067094,7.833633,26.87405
133.12,8.0,14.54,53.76,0.63,163.5537,7.923992,36.58918
91.21,7.98,81.2,114.07,1.96,147.2025,8.315271,59.1494
49.23,7.98,171.07,197.75,3.57,40.39041,10.50951,134.885
136.54,7.98,32.81,332.11,-4.96,126.1354,7.896638,51.15482
112.08,8.07,75.82,324.12,-4.5,102.4223,7.996921,96.61495
158.15,40.41,117.59,50.4,-7.9,162.7771,41.66087,121.6298
0.0,7.99,35.55,41.62,5.3,21.32522,11.5118,61.13356
23.08,29.11,106.77,164.42,6.63,26.8493,34.87923,100.6533
112.43,7.99,64.55,345.27,10.02,79.57822,15.31371,119.5468
143.15,32.49,136.41,285.66,-54.79,128.8111,13.79232,135.7821
101.9,12.78,223.37,187.91,24.53,161.6541,47.04219,139.4825
195.46,6.55,268.36,301.51,4.65,75.61053,9.292107,269.3461
234.32,9.66,170.97,227.15,6.6,219.5095,13.99523,154.6807
116.53,10.09,98.96,53.25,17.57,149.4172,26.49331,116.7722
64.75,8.0,193.08,162.55,9.93,78.14029,12.35327,150.3396
82.03,8.0,294.14,247.93,2.19,20.53666,7.853952,295.3333
152.13,7.99,292.66,154.0,5.42,129.147,7.516566,215.4429
248.69,9.96,180.12,352.18,-9.98,248.4304,7.688906,201.598
111.78,8.66,178.27,185.77,-3.51,60.2829,27.83393,98.13217
29.54,7.98,178.24,108.78,-3.13,52.40997,7.834234,170.7443
6.81,14.09,247.38,116.42,-24.22,30.05151,7.643734,239.6121
103.53,9.93,233.66,82.83,-24.79,120.5834,7.789775,233.0899
230.68,10.1,62.0,88.67,22.12,241.7305,16.75118,62.44995
150.24,18.0,178.31,181.53,46.69,144.0217,23.49709,170.97
132.32,7.99,257.47,90.73,-5.36,157.1254,7.086611,258.0433
105.31,8.0,50.2,32.64,-3.88,117.2085,7.86578,68.59844
60.42,7.97,0.0,291.64,-1.81,29.94085,7.836882,9.61751
46.34,38.84,75.45,239.13,-11.12,41.70041,39.72467,72.64594
235.25,10.81,158.18,75.88,-2.43,258.0323,15.76555,161.4912
0.0,15.66,225.11,117.5,-22.11,75.34355,7.964498,281.2704
74.25,20.81,198.54,275.01,-26.02,42.72247,62.58537,105.011
40.62,11.73,140.0,343.8,-38.69,18.59281,7.91059,197.8768
0.0,7.97,33.08,74.37,10.05,37.42693,15.10071,57.79791
221.91,7.98,19.11,56.31,3.8,248.7106,10.82251,36.3914
300.0,7.97,49.27,186.9,0.54,281.432,7.905838,2.156807
163.23,28.24,175.88,256.78,-21.84,150.2421,25.33494,172.7264
80.95,12.46,259.17,131.31,2.03,117.3847,8.282227,204.2777
0.0,15.5,227.88,85.28,-20.51,25.22351,7.545761,228.052
80.64,8.0,293.19,134.79,7.95,144.0938,7.585035,251.4284
245.73,9.69,178.91,287.85,-2.0,223.988,10.08583,183.9391
216.07,11.2,205.79,159.99,14.97,230.6025,11.90706,120.7354
107.61,10.75,188.16,246.78,22.64,78.43552,13.65846,146.0996
0.0,7.98,203.31,71.85,7.12,29.4804,7.807218,299.9197
0.0,8.75,279.91,342.28,-3.34,139.68,7.66342,285.5424
5.73,7.99,179.17,38.28,8.75,60.15843,7.788623,292.674
0.0,7.99,180.63,149.39,9.97,58.21534,15.27993,146.2649
55.64,9.36,263.85,320.34,-2.32,15.34628,7.582396,281.8335
42.42,8.0,297.64,102.37,10.02,13.35201,7.680399,188.8771
5.18,12.17,236.5,326.78,48.78,1.814718,18.16385,236.5895
53.37,23.84,129.24,311.23,-21.62,27.6359,7.513766,150.2625
59.03,7.97,20.58,306.48,3.06,25.71376,9.873679,53.8398
117.93,9.44,113.29,190.54,-0.8,115.1381,7.756197,60.74293
150.57,7.29,209.02,319.37,-16.62,146.6401,5.708381,221.8368
221.63,8.0,300.0,140.38,-2.87,238.9835,7.896183,283.7822
276.49,8.01,213.8,344.96,-5.09,269.2988,7.873086,236.2047
274.62,28.85,112.92,27.25,-40.04,282.248,18.63838,125.9834
191.74,8.03,58.29,261.66,-2.22,167.8219,8.504895,53.47189
110.38,7.97,0.0,63.98,-0.12,147.8335,7.900257,3.142591
198.43,7.99,0.0,51.29,1.76,227.7444,8.244621,40.12244
134.63,7.98,17.82,341.33,-1.17,119.6217,7.842254,46.91259
139.54,21.69,123.87,144.53,-4.93,144.1541,22.23959,115.6752
195.96,12.57,205.59,286.08,-3.55,180.06,11.96224,212.9341
272.65,7.99,212.25,192.53,-4.79,265.0596,8.387947,192.8044
46.93,26.94,68.99,346.03,34.12,58.88039,7.728454,301.031
0.0,8.0,63.79,66.53,0.25,11.49828,9.926826,69.0806
49.67,30.8,124.15,40.97,-13.14,55.29113,7.498847,161.7055
16.47,7.97,39.44,192.17,2.46,6.035627,7.926229,2.22405
56.34,27.5,122.26,207.93,36.05,60.85378,26.67532,111.5655
176.54,13.51,73.06,65.24,-11.27,223.6774,9.253856,84.43834
204.62,7.98,11.97,97.78,-1.45,242.7536,7.911929,5.830654
152.91,22.99,92.35,84.92,26.9,253.3778,11.21527,36.70128
299.96,9.57,263.72,249.83,16.94,206.2207,9.160678,213.0285
228.31,8.19,221.2,224.04,10.64,208.3576,12.67412,201.8165
122.36,8.12,187.5,99.77,3.15,148.0101,10.51592,183.7263
13.15,7.98,157.27,204.11,0.9,7.330512,9.852119,137.4533
98.29,9.09,123.82,230.31,5.71,82.65851,11.6192,110.4749
179.87,7.79,226.21,255.86,8.33,140.8136,19.81172,171.3965
192.94,26.26,145.33,121.58,-35.6,204.5839,19.04064,141.649
137.3,7.98,50.79,248.64,-5.44,118.7892,7.797636,43.60784
53.11,8.0,10.79,107.52,-5.02,71.28342,7.865549,4.61056
96.44,8.14,103.4,273.62,-1.07,61.52155,25.40175,107.2826
211.64,7.98,59.13,227.16,-1.34,189.7092,7.839756,35.75934
212.03,14.37,124.15,65.49,-20.95,224.3258,11.19149,129.4009
282.97,20.84,111.41,238.81,33.7,273.1335,32.44933,104.9505
202.01,8.04,82.92,33.81,-5.62,206.0775,8.276236,94.12978
93.59,8.03,98.04,147.64,-6.03,93.39955,7.626936,91.25684
22.31,7.97,0.0,355.53,3.08,62.62724,5.631134,63.95401
110.79,7.99,0.0,32.08,3.08,162.4574,7.796381,24.24009
130.87,8.34,69.01,202.34,-5.09,122.3546,7.811077,45.54897
114.44,9.09,202.26,351.62,4.46,83.09464,7.665626,240.6691
131.4,7.97,300.0,184.48,4.69,166.1314,8.081061,246.4057
166.7,11.41,218.16,22.92,-15.62,217.5998,7.884913,292.7983
93.15,8.0,0.0,336.96,9.98,43.81293,15.07943,57.68093
61.72,8.0,13.06,6.6,6.75,50.98739,12.01654,56.52922
225.02,7.97,265.4,74.99,5.08,295.1301,7.875294,244.6601
143.44,7.98,47.59,259.72,5.42,59.62186,21.08244,98.25523
150.46,11.68,68.65,175.91,-12.34,151.3359,7.868462,40.57441
300.0,7.98,187.63,174.33,3.92,287.681,10.79541,150.2253
300.0,7.98,190.53,287.93,-1.74,270.5123,7.956018,198.7816
144.66,17.38,86.0,3.35,13.44,146.8275,23.3627,111.4337
274.59,18.68,70.74,351.68,27.12,273.739,27.12904,83.0325
216.4,15.03,151.29,31.88,-12.0,235.8554,8.774588,178.229
138.0,6.73,192.69,132.48,-8.27,140.4461,7.394398,186.8461
179.21,8.01,237.87,74.57,-8.45,208.8719,6.636927,249.7361
285.84,7.97,196.94,193.2,1.03,280.9267,9.882015,178.0984
276.73,27.53,109.78,45.51,-40.93,289.9234,14.69441,119.5314
63.91,17.55,89.3,102.62,-59.59,164.9774,9.143394,103.3556
128.98,18.8,149.34,180.53,-8.99,131.5073,7.055397,102.521
149.57,40.34,140.62,318.34,-44.06,137.6455,25.82471,144.9953
69.9,8.33,61.96,158.9,-4.02,81.10377,7.983637,37.05925
25.24,28.97,73.81,0.39,39.26,24.76847,37.71163,80.48717
117.01,7.98,14.65,298.41,-4.97,100.8484,7.89304,21.96062
204.38,7.98,55.5,93.87,-5.0,225.8027,8.179603,59.60839
275.6,18.98,137.32,353.63,-17.24,279.0353,15.13365,150.9987
264.37,8.0,220.71,226.73,-5.0,250.0101,7.866514,206.8056
196.52,24.23,139.79,295.15,25.17,184.0393,33.27909,145.339
157.22,7.97,35.52,17.25,-0.36,163.5238,9.167833,58.22648
77.71,8.06,41.84,32.66,2.22,116.3207,7.873909,72.36406
58.27,8.0,170.21,356.77,3.34,21.88619,5.465714,240.1469
21.09,9.18,244.38,81.18,-6.66,43.98844,8.756764,245.7634
0.0,13.22,265.1,70.6,4.65,57.53101,7.837249,285.5594
185.19,7.1,251.64,211.64,11.76,152.3324,11.73435,181.4033
299.91,9.8,262.11,178.13,3.28,254.3107,10.34465,180.9179
263.58,13.21,175.31,271.39,5.21,193.6053,10.23583,151.3574
148.34,7.97,0.0,51.81,4.6,216.2703,7.777563,1.538523
277.33,22.99,123.29,343.57,-5.23,225.276,11.38472,160.9995
267.97,8.19,196.86,310.36,1.85,246.9964,7.935036,230.2596
58.69,7.97,190.98,32.24,8.41,63.99928,11.65235,203.1454
78.65,11.97,106.25,58.36,1.46,115.2216,10.66596,134.1634
33.69,8.0,0.0,351.64,10.07,168.4543,7.779971,21.38181
127.8,8.79,115.02,353.87,4.14,125.8173,11.5755,132.1794
181.59,7.89,241.04,220.53,4.64,89.81976,18.54231,189.324
237.99,7.98,300.0,173.72,-0.2,240.3486,8.07053,261.883
283.09,7.97,223.7,159.87,-3.2,291.395,7.839985,200.3087
275.08,28.71,111.86,37.37,-43.11,283.2105,19.02711,121.7393
231.53,8.0,13.28,308.9,-4.98,214.2297,7.868438,24.1261
160.21,18.35,77.0,101.13,-3.04,222.2572,8.175063,69.52322
79.92,7.97,293.69,108.71,-1.0,112.2185,7.870025,295.3742
59.14,15.75,226.02,309.43,-22.04,42.88839,7.670381,232.7989
0.0,9.55,124.88,99.26,41.72,13.03373,20.91331,125.7806
104.95,10.4,226.94,94.1,-14.63,123.4374,7.646928,227.1865
91.24,7.99,300.0,248.76,10.02,4.387209,9.833192,224.6971
83.02,7.98,300.0,120.9,9.95,216.3298,7.681736,284.942
146.43,7.9,274.09,152.28,8.05,180.2367,13.20964,209.4714
185.17,34.16,165.68,32.33,-3.21,265.0251,7.574767,252.9017
190.9,10.56,87.66,314.59,24.59,172.6538,23.58896,106.3622
182.03,7.98,0.0,41.74,1.64,206.0403,7.940644,49.98598
49.4,42.34,115.56,255.19,57.09,46.35693,50.7882,113.2998
193.96,18.17,111.05,183.32,-21.26,192.0493,9.737303,87.74642
198.72,22.97,155.72,245.93,31.04,180.8077,36.69153,145.056
216.33,7.98,299.82,160.78,10.05,129.7878,7.822689,239.6174
196.76,6.41,264.59,275.84,0.51,133.5365,7.89554,278.2563
300.0,7.98,238.12,215.82,6.14,273.4722,15.66639,145.6407
37.96,8.15,252.39,197.89,10.11,148.6612,39.03526,128.3461
62.65,7.98,178.18,163.19,5.93,70.81853,11.87489,149.6328
26.85,7.97,158.65,130.91,-0.25,36.77484,8.736047,133.1062
121.04,8.01,226.71,16.2,1.89,93.68181,7.778819,300.8116
160.02,13.68,194.5,209.71,-1.71,143.3807,18.85133,174.0052
66.38,17.28,209.17,198.21,-30.39,56.19502,7.215722,199.6715
93.36,11.67,249.2,211.19,25.28,86.76791,20.34356,234.7413
58.07,13.37,149.78,22.28,-22.52,63.41307,7.481381,164.0934
5.61,8.5,70.09,25.66,10.86,10.41567,12.53421,80.07913
49.2,7.99,0.0,329.24,5.71,3.889975,7.853231,60.25127
67.88,8.0,35.84,215.68,0.78,20.53231,7.867688,9.974321
54.36,29.84,120.69,101.67,9.56,56.67914,23.95138,128.2423
9.17,6.26,232.39,173.61,-3.13,9.39512,8.006145,227.2634
96.53,7.97,289.69,266.82,-1.47,57.45638,7.901157,287.9746
0.0,7.98,151.01,150.03,4.13,9.490584,10.73033,136.9367
103.3,8.23,164.05,318.84,12.48,91.37345,13.6799,180.6763
199.32,5.45,237.92,137.86,6.34,216.7007,7.572683,225.3954
155.13,37.24,164.07,278.39,10.79,96.22694,17.09362,219.0462
207.48,7.78,269.96,202.07,3.2,73.43616,7.586068,53.61259
228.19,8.08,224.38,266.08,7.5,169.4655,12.20427,216.3174
161.14,21.45,181.99,251.65,-18.87,41.33422,63.19319,106.9525
98.29,18.61,201.51,195.55,13.1,60.86827,24.70852,121.4714
85.59,18.69,188.28,108.15,-8.34,132.6046,8.464043,183.8101
101.79,8.04,35.3,55.52,7.24,115.0228,9.327763,164.7574
195.9,8.99,87.5,115.33,-2.81,231.4472,12.92987,72.87571
146.81,23.71,172.59,264.09,-19.11,74.01037,16.1562,143.5582
191.65,7.1,278.37,104.09,7.36,251.1436,8.05067,271.6159
294.67,11.5,103.72,242.54,31.19,279.3222,23.55531,94.82625
240.1,16.04,125.04,139.38,36.18,245.5845,22.98156,118.4518
170.27,6.53,262.34,294.43,0.88,86.50859,17.19965,216.8532
101.65,7.99,292.27,95.48,-0.28,144.2247,7.90518,273.4065
59.22,8.48,204.75,313.99,-9.24,46.76355,7.876814,214.5812
49.54,122.8,0.0,118.52,15.52,158.5477,23.23399,90.9813
190.42,7.97,0.0,281.81,-1.54,162.4376,7.875153,16.03856
189.16,7.99,37.09,156.64,-5.0,199.267,7.887792,16.23086
153.71,7.59,246.76,2.55,-1.73,167.4812,7.839247,293.2266
252.97,8.0,233.77,280.92,-0.92,207.6853,6.724254,248.8845
291.39,11.44,137.46,230.13,25.04,278.7415,19.80844,129.4268
245.23,7.99,0.0,314.97,0.73,236.0068,8.961977,34.42383
254.64,8.75,22.78,23.72,9.9,270.3481,14.949,57.89784
123.64,7.97,48.88,56.58,6.09,227.8341,8.171345,56.68892
36.45,23.66,64.15,345.71,56.41,32.72716,40.08266,73.99837
45.81,8.01,148.9,156.02,15.02,49.12975,11.8616,141.8893
102.75,10.2,224.57,197.23,20.35,103.041,13.86985,214.7515
0.0,32.56,53.89,71.57,6.85,41.07974,37.59391,71.45087
5.45,30.83,100.15,119.43,4.0,19.84305,32.6334,98.89684
66.33,13.48,86.73,121.6,-29.13,78.19994,7.656368,76.54632
165.45,7.98,9.22,297.64,6.44,65.66565,7.369563,77.19044
205.91,7.99,82.25,5.13,6.2,208.0043,11.8329,110.3182
264.89,7.98,299.41,116.31,-3.17,289.0076,7.865422,287.5603
146.59,6.95,240.02,283.61,-1.3,115.7007,7.97472,246.8489
135.21,19.86,134.29,53.92,41.68,139.0867,25.64572,134.7371
135.44,13.1,85.31,157.48,-8.96,145.2243,7.843412,53.54727
244.47,8.91,25.86,20.75,3.93,258.4684,9.903906,67.8297
300.0,7.98,27.02,227.91,-1.84,279.4354,7.836105,2.30129
213.01,7.98,70.81,349.33,4.32,214.8526,9.920085,110.3476
101.82,10.69,233.41,110.74,-16.51,116.0978,7.743658,230.9072
33.82,7.98,300.0,144.71,1.94,70.10842,8.72142,271.4622
177.86,21.18,197.66,338.24,-29.92,174.9948,13.9189,210.9438
238.65,25.88,96.72,347.04,-24.84,59.64415,21.58934,79.97732
218.07,14.43,139.72,307.0,15.55,201.8456,20.5909,152.2232
145.03,6.44,232.64,162.08,-7.14,156.4985,11.47962,190.754
45.6,7.98,297.18,201.12,3.51,29.48754,7.843221,246.8954
212.31,7.29,252.71,4.29,1.32,213.1649,7.929591,285.2591
300.0,7.99,256.54,209.32,3.4,293.8287,7.672993,249.0764
280.43,7.98,300.0,232.49,7.3,175.6422,7.741755,292.3317
161.63,7.85,287.84,219.46,5.82,80.35365,8.297947,273.9051
150.04,7.06,205.85,279.26,-16.43,139.2812,5.756048,208.0839
121.93,10.42,103.66,74.94,2.83,137.7014,12.36515,108.5334
0.0,7.99,34.82,3.76,-3.52,0.4330721,7.862401,59.98737
34.13,7.99,0.15,303.68,-0.37,-0.1455802,7.953857,22.50981
45.25,18.77,60.66,216.36,-37.98,38.21397,8.073752,44.43099
6.23,7.97,160.28,52.75,-2.21,30.55434,7.87316,178.8288
80.34,15.74,252.52,302.42,-1.33,39.67609,7.503244,274.0865
151.54,7.98,300.0,177.38,2.65,147.5377,5.946117,230.8516
201.65,7.6,218.36,252.27,10.54,177.8984,12.75158,212.8714
50.16,7.99,34.73,10.23,3.35,50.58771,10.70511,54.22591
0.0,8.56,138.93,175.07,21.88,3.635695,8.053072,69.15501
33.38,7.99,193.06,20.84,9.96,57.59369,15.27114,242.7489
135.52,6.64,202.19,282.12,20.8,101.1754,15.368,211.7491
254.89,9.04,188.74,167.73,16.83,236.3751,13.08784,128.9705
112.35,8.62,169.22,241.49,5.96,72.64956,21.06747,124.3341
118.32,8.0,44.41,288.06,8.36,46.6406,10.26176,89.19534
175.18,6.91,258.27,280.83,3.75,116.1591,7.805863,271.0298
158.58,6.74,267.33,122.25,-7.0,172.3034,6.5928,259.0558
230.06,9.3,180.03,240.16,10.44,215.477,13.38264,169.8141
300.0,8.2,76.13,198.69,-5.49,292.6459,8.003923,54.3651
256.31,18.11,142.08,358.21,-15.36,257.3152,15.63543,159.3959
138.51,14.71,113.97,162.84,5.99,77.25972,7.463655,21.43919
76.14,8.34,78.88,157.26,-3.02,85.36366,7.850718,54.00546
59.53,25.35,123.28,46.51,-26.81,67.48909,22.91303,132.8753
77.74,7.98,300.0,211.11,0.23,61.47156,8.557764,270.7569
256.42,7.98,296.78,178.6,5.42,185.5495,5.877683,262.352
175.85,7.99,298.62,178.23,2.74,179.6863,7.908131,237.3877
154.07,8.32,214.77,215.16,-4.55,133.0678,7.995013,186.617
152.68,7.98,0.0,70.87,-4.96,172.484,7.891911,6.560103
153.42,25.68,103.67,65.35,24.06,257.1897,15.13471,88.27917
135.46,8.78,185.08,5.64,-10.52,137.2049,6.131991,206.3004
90.66,13.34,247.99,134.08,-1.45,160.8766,11.51016,211.1147
91.17,8.26,158.09,117.39,0.52,110.3596,9.629656,150.501
0.0,7.98,10.42,9.39,-1.43,5.164033,7.895826,43.26276
31.18,49.79,83.18,354.38,34.4,29.89327,58.40603,92.10519
140.38,7.98,32.18,332.64,-0.44,121.7751,7.889696,67.42459
298.13,8.08,61.73,327.88,2.3,296.8554,9.086795,93.2262
226.64,10.8,74.84,168.0,-5.97,229.6084,8.585551,44.3651
116.28,9.0,84.72,301.48,-6.24,95.33464,7.798937,97.68588
120.35,9.02,174.73,318.96,-17.46,121.798,7.767529,185.9494
227.82,7.97,233.2,85.34,-1.7,263.623,7.955091,236.7486
231.23,9.03,183.62,76.25,-7.63,247.3466,8.329537,188.0072
113.67,7.97,0.0,348.44,10.05,60.23341,14.30721,68.50469
223.86,10.1,108.51,260.66,-3.21,176.2141,29.73367,110.9675
172.46,8.0,0.0,200.63,9.97,74.53665,7.84037,5.533201
222.9,8.0,0.0,34.19,10.04,236.4361,14.95113,68.675
221.04,7.97,0.0,299.65,9.93,157.0072,13.68151,70.83525
154.09,7.99,21.43,319.21,9.4,149.345,14.15515,91.39809
65.46,16.37,89.09,39.78,-33.95,118.1787,11.40922,135.9427
0.0,8.34,80.86,44.91,6.95,14.72373,12.83189,100.8625
31.41,7.97,0.0,86.52,-3.89,55.48322,7.832397,1.346664
0.0,8.0,50.02,63.06,-0.67,30.58878,8.422799,46.73833
0.0,7.99,65.53,148.66,5.71,59.13025,7.775525,4.786599
283.35,8.0,14.61,52.37,-5.03,299.7722,7.865137,27.39556
207.98,7.99,0.0,0.66,-2.82,208.4398,7.865553,27.07802
190.32,8.01,52.13,353.17,-4.03,187.8995,9.127202,71.40744
201.9,22.24,173.69,212.55,16.72,187.8268,29.9082,152.3425
180.19,6.98,282.65,89.2,-0.22,208.6541,7.99672,283.1786
251.36,8.4,271.25,114.67,5.68,295.3501,7.841367,245.8678
300.0,7.97,201.47,288.05,0.12,265.3985,7.941626,223.6795
288.81,11.87,141.38,292.49,16.65,273.4305,16.80079,153.5662
300.0,7.98,24.05,282.81,-1.44,272.1327,8.378775,29.38308
271.08,35.55,103.89,52.25,-44.01,300.4851,5.387519,122.034
0.0,7.97,159.31,40.74,3.88,36.25164,7.790002,221.659
16.05,22.19,127.07,332.18,-50.16,6.938976,7.331064,143.0297
243.0,8.21,257.47,161.4,3.76,278.6614,7.874802,204.4121
294.23,8.03,185.59,274.11,10.06,207.6018,11.3975,190.7269
208.01,13.12,113.59,175.58,-7.45,206.206,7.859331,50.68089
0.0,8.0,23.34,5.67,10.07,1.539135,8.863173,124.8746
140.88,21.98,121.74,153.38,4.56,140.7208,16.70465,93.5266
232.06,9.92,169.81,345.96,2.57,227.5159,7.801622,239.1796
134.15,7.98,300.0,221.21,9.99,84.73119,14.4302,251.0248
49.41,7.97,0.54,339.13,9.99,51.20595,15.319,60.9036
62.23,7.97,300.0,156.79,10.03,4.251472,11.29307,226.6898
35.95,14.64,129.38,187.22,41.5,34.26702,25.16282,120.2686
65.68,7.99,13.95,62.05,2.8,127.073,7.799494,41.76446
5.55,7.98,5.86,90.18,0.08,53.02524,7.957013,5.832371
35.85,7.99,1.05,289.73,-5.05,14.78141,7.853331,9.013508
103.78,7.99,72.14,338.45,-5.05,95.8294,7.849884,91.00184
175.75,30.68,183.35,223.47,6.35,44.39474,19.88124,132.0333
241.01,8.26,187.06,251.29,-4.44,229.7917,8.960543,179.8319
200.03,8.0,71.16,166.81,-5.13,204.7242,7.887804,54.58169
54.76,7.98,1.37,35.68,-4.17,67.75755,7.865304,20.51658
213.63,8.0,56.66,27.56,1.24,225.6308,10.0154,76.28136
300.0,8.62,274.5,304.86,-5.67,281.5318,7.874611,287.7921
105.17,8.26,92.81,206.33,-0.8,81.15839,7.749252,65.1801
123.68,10.05,84.49,327.64,0.68,95.89365,8.179726,108.1637
189.65,32.19,172.35,112.82,-35.89,247.3662,12.0323,156.7023
261.23,7.97,254.76,342.34,2.29,249.0515,7.839888,298.9622
217.28,14.9,145.79,127.85,-2.43,239.0751,13.8356,126.4569
193.98,28.18,178.63,123.44,-29.98,212.3289,15.49469,164.237
102.6,12.06,224.22,25.92,-30.65,107.2824,8.30724,233.3587
149.01,6.75,213.3,151.79,6.57,154.4152,8.962,200.0099
68.32,22.55,122.51,27.88,-7.08,94.41411,7.686068,164.713
17.1,23.34,96.49,157.52,29.28,15.13838,22.10617,93.23557
146.96,2.3,247.34,160.64,4.35,161.0455,6.09278,203.455
246.88,7.98,213.34,131.85,-5.05,260.2434,8.008074,197.6398
145.94,8.78,61.47,316.92,1.69,251.2885,7.413465,301.179
107.86,8.0,26.34,264.0,-1.04,73.83686,7.87057,24.96646
91.53,8.76,152.09,222.1,15.27,80.6563,13.58415,143.7558
256.66,8.09,260.79,184.77,-1.64,274.0604,8.194894,193.3646
300.0,7.99,249.43,189.82,9.65,274.4676,13.92819,166.5962
295.06,8.13,61.08,291.76,11.57,278.6567,13.34953,67.64738
189.31,13.52,97.58,182.72,-9.44,224.5731,7.81889,31.94584
112.04,10.6,149.47,303.22,-4.63,87.58414,8.134771,161.1364
17.84,7.99,229.98,76.29,10.06,82.54373,15.3471,249.6081
93.98,7.98,300.0,71.97,5.94,176.6323,8.045387,233.4795
43.99,9.04,248.81,204.4,3.35,4.481277,9.044088,218.2361
35.12,7.97,154.98,105.94,6.83,52.64299,11.73191,146.0728
161.08,15.44,72.13,338.21,33.4,53.26219,14.58626,136.9425
300.0,8.1,153.37,298.03,1.57,286.7964,10.22621,160.9752
300.0,10.23,106.68,216.1,5.76,285.0757,15.8439,91.76377
300.0,8.21,149.07,321.39,-2.51,289.384,9.243537,163.8299
300.0,7.98,184.47,233.51,-1.99,286.2473,9.166106,173.7446
252.18,12.49,171.73,284.85,-7.39,210.0223,15.68666,172.6963
147.26,6.46,235.73,49.32,9.77,197.7854,7.804017,287.9485
0.0,7.97,188.04,67.68,0.53,33.8084,7.878741,216.6441
34.67,8.04,248.85,252.19,1.86,12.52318,10.31547,242.0519
161.42,7.95,290.87,118.38,5.16,202.7371,7.29392,218.2267
136.02,7.99,297.37,163.64,9.35,81.89528,11.16294,247.8114
151.29,12.75,70.52,162.22,-13.6,157.3937,7.881402,35.74859
228.57,12.12,150.51,269.18,19.63,192.5199,25.88591,143.7256
106.22,8.03,30.28,93.63,-0.24,147.9236,7.871301,31.72169
135.01,20.14,136.06,240.17,-49.01,117.5707,8.683767,124.7748
182.5,7.22,231.3,16.7,-6.87,189.031,6.777493,250.7345
161.53,7.76,241.8,37.93,6.93,186.4047,7.771841,292.7365
231.0,7.99,300.0,145.6,0.37,253.5568,8.474963,269.8876
177.79,7.83,292.43,235.18,-4.14,156.2029,7.731354,284.4323
219.75,8.31,221.35,14.73,-12.29,221.6697,7.390281,234.8976
300.0,8.11,149.96,292.89,-1.7,283.1507,9.424146,157.3146
243.63,32.47,98.76,279.19,-57.8,228.1695,12.23689,100.861
126.01,11.3,89.63,149.16,2.73,156.1651,7.822392,22.70048
32.14,62.02,94.22,53.17,46.53,98.29581,7.460115,157.8533
103.47,22.32,121.46,101.26,-3.83,141.5593,23.02673,126.59
262.39,27.35,124.91,354.82,-24.85,261.215,18.43226,145.7049
250.04,8.01,256.75,213.24,9.86,199.2533,15.30093,198.4743
188.39,7.98,300.0,330.72,9.95,112.9214,8.290859,219.6236
275.26,10.79,179.76,7.42,-8.3,248.3103,7.894951,286.9621
292.02,10.74,88.88,309.41,27.69,271.1143,23.84065,100.1311
99.47,14.99,189.99,72.14,-24.68,117.2426,8.127751,195.8649
9.09,13.8,250.44,206.29,8.5,3.806879,16.67872,247.5779
164.86,6.42,273.57,46.25,-5.95,174.3573,7.513404,288.7708
184.43,28.84,117.71,223.32,0.48,234.8737,5.063231,-0.4011825
183.53,8.54,59.82,287.69,1.78,170.4825,10.58062,63.15136
190.8,7.98,0.0,346.74,-4.93,190.0879,7.914443,20.11268
227.79,8.0,0.0,350.21,-4.93,223.6069,7.894238,19.88806
184.39,8.03,51.88,171.68,-5.35,188.9077,7.925406,33.88453
172.59,10.97,218.98,186.89,22.08,172.1891,16.93579,205.2543
66.83,18.22,210.53,313.38,-33.65,55.78254,10.06318,219.6904
95.9,9.04,144.03,313.19,-5.39,50.60091,7.746787,193.4063
177.92,36.02,154.31,214.19,16.13,182.4096,34.13166,146.5527
263.01,37.88,81.33,158.68,-39.57,283.4392,8.624345,56.86404
138.01,9.39,183.7,106.64,15.98,150.4126,15.41944,180.0514
127.23,14.71,164.19,213.19,2.61,37.41321,61.94276,110.8838
23.32,7.97,205.98,107.4,10.06,120.3782,10.44329,94.64954
235.37,8.02,248.26,307.24,8.55,154.1568,7.907825,291.4897
257.89,19.87,137.73,251.85,-3.47,203.7065,5.571419,147.3801
246.9,15.22,53.02,177.43,-18.39,246.4589,10.20283,34.55585
268.45,8.0,2.04,311.34,4.86,205.5149,7.876391,59.20596
225.79,8.26,50.46,310.99,4.06,192.3275,10.20741,135.4404
151.25,6.79,219.38,271.71,-11.41,134.2264,7.083921,224.2218
66.87,12.84,77.33,239.48,33.87,51.10327,7.854303,2.84874
226.43,10.37,172.3,148.53,6.59,246.7525,14.05857,141.0239
293.03,9.65,266.33,212.54,16.04,235.5223,10.92569,146.4094
201.55,7.88,283.38,186.71,5.83,185.1797,11.21507,210.6944
76.71,8.33,276.22,57.58,-0.09,179.0642,7.303382,287.5224
0.0,14.79,260.06,9.34,-22.47,2.253943,8.609995,280.761
50.64,7.97,170.21,35.1,-1.55,66.72858,8.533497,190.8449
112.5,8.0,67.01,183.2,-0.51,111.9794,7.926592,38.46638
81.85,7.97,4.3,95.95,1.65,141.9386,7.841999,29.6994
89.57,8.0,76.13,326.4,-0.98,74.87396,9.069208,94.06266
167.86,44.7,142.78,53.0,-34.36,189.2914,30.42986,161.0129
200.37,5.13,230.28,161.85,-0.96,204.8982,6.244459,223.3415
241.47,7.97,286.59,185.63,-3.48,237.3064,8.072726,261.1752
221.52,11.63,170.76,4.46,-11.51,223.0382,10.65287,190.8134
183.38,9.15,64.51,128.61,-18.61,191.4799,7.69888,57.5368
290.69,9.33,160.7,163.3,-3.07,298.4006,9.710471,129.9068
249.08,7.99,252.98,319.86,-2.29,229.0682,7.948998,275.5807
158.45,7.75,284.19,117.4,-8.57,176.4917,5.707968,272.2075
121.51,8.59,75.96,74.6,8.63,145.9036,12.91454,82.47601
228.97,13.49,81.59,238.99,-29.58,216.6694,7.459963,74.95403
287.37,9.66,169.98,279.8,18.83,168.8982,26.57913,183.0478
228.34,7.99,241.86,13.09,2.96,234.5968,7.846379,291.6158
144.38,21.89,172.64,158.94,62.91,75.0848,9.149425,91.2392
167.46,28.1,102.77,77.54,3.56,236.02,15.05429,114.7904
159.34,8.0,0.0,20.44,2.39,177.0068,8.899351,60.17491
80.25,7.99,53.19,192.87,-0.28,74.59779,7.862219,12.30517
8.27,7.99,224.72,178.42,-4.65,8.623358,7.9278,204.9541
2.61,7.98,187.54,100.6,-5.01,23.89585,7.862611,182.1669
110.61,10.51,141.94,182.65,-5.05,107.6426,8.388608,110.7287
204.28,14.38,112.78,282.25,22.35,188.485,23.42836,114.6604
278.82,17.11,75.75,277.99,43.91,267.2062,30.77716,76.98204
251.72,7.99,0.68,291.03,-0.67,223.7405,7.844789,10.18723
182.33,8.0,300.0,151.51,3.05,224.726,7.818717,243.7133
121.24,7.97,258.76,120.57,1.41,165.8837,8.06155,244.7244
95.59,8.03,158.84,234.6,4.87,80.47378,13.10652,145.5166
28.01,9.05,49.82,124.57,-2.35,112.9668,8.624654,89.61642
15.73,31.59,34.53,133.74,-16.95,105.1177,7.525889,44.16635
65.48,7.97,26.86,309.76,-3.04,45.4979,8.018501,41.82138
107.99,9.6,130.44,67.42,6.96,125.6723,13.89327,138.8547
161.06,7.32,230.29,194.97,-3.99,160.7729,7.753747,225.9455
144.59,7.69,255.13,132.04,-6.21,159.0653,7.327353,241.2587
131.84,13.0,93.81,332.83,-10.86,112.5574,7.654842,288.6789
136.41,7.98,21.82,43.36,-3.61,152.4153,7.846345,43.95827
208.34,7.99,17.54,40.37,-2.24,225.5556,7.999308,39.14355
226.79,12.18,86.88,159.9,8.82,237.1702,8.577382,28.81952
213.76,13.72,190.03,136.91,-7.1,238.0249,9.863109,166.2483
300.0,7.99,222.62,271.73,6.02,220.8104,9.862049,209.3499
218.43,14.6,146.44,245.66,14.87,143.5902,7.619767,283.213
91.47,7.98,82.12,43.0,0.81,114.4359,9.578212,101.3829
0.0,7.97,154.48,73.28,1.84,133.9183,11.70279,165.2043
0.0,8.31,111.51,105.89,10.23,10.0717,12.2938,105.4013
54.85,33.68,112.93,29.85,-43.2,64.08367,22.94152,116.8213
194.82,20.26,115.47,224.33,6.92,56.89711,26.16155,78.84761
201.9,20.99,139.33,207.83,24.0,199.3951,7.742817,37.51281
139.36,5.99,204.35,314.88,17.39,109.1994,8.865357,225.4995
73.96,15.18,255.45,261.41,14.14,1.328527,16.60099,232.4202
143.41,5.9,194.88,194.34,17.8,144.9341,16.18895,176.8979
290.82,8.85,67.84,300.71,19.4,279.9399,14.45312,74.23244
217.96,7.99,0.0,235.82,10.04,160.1356,11.6756,65.84209
204.05,8.0,0.0,244.54,6.28,112.6381,7.843902,69.05782
245.75,10.92,38.09,38.27,16.59,257.4547,19.20465,57.16377
154.73,11.2,65.6,215.52,-21.07,144.5668,7.636553,55.43519
50.96,44.32,84.88,74.77,-61.61,66.81947,13.49606,85.99476
34.53,29.43,122.65,100.24,39.01,51.0434,33.38877,115.2067
134.74,8.57,185.38,348.85,-17.86,131.972,7.116021,196.5567
238.72,7.98,248.26,220.84,-3.63,205.8962,6.596948,222.6723
249.33,7.99,218.15,200.29,1.15,234.5107,8.352109,183.0636
159.06,24.4,176.16,77.66,12.67,163.3495,26.69645,177.2355
58.94,9.43,209.58,14.18,24.09,57.49977,11.29834,219.1715
55.23,8.31,272.29,82.46,-3.4,72.77524,8.09832,279.0114
70.54,8.3,166.33,233.2,-5.44,55.13128,7.978781,155.2396
85.86,7.97,61.79,328.51,-4.96,76.26313,8.041942,77.66004
154.43,8.0,1.72,1.57,-4.94,158.0881,7.906756,23.92301
230.89,15.84,95.8,83.99,36.64,255.1006,34.56733,93.25906
252.62,8.0,202.38,192.15,-4.86,249.3283,8.77786,185.5918
130.61,10.76,177.58,122.5,23.97,138.3689,16.89095,172.7294
133.57,7.99,45.48,128.61,5.67,171.792,7.922219,2.372822
46.9,8.0,160.09,91.35,0.42,68.95052,9.658717,159.8411
35.04,8.0,257.77,69.72,-1.85,57.07725,8.332568,271.2859
130.73,7.53,219.47,339.57,-1.89,117.2559,7.936059,259.39
56.34,12.34,149.44,85.36,20.89,61.62036,16.93089,146.6882
2.32,10.24,127.48,152.74,17.92,9.410449,16.23644,112.6019
214.78,8.32,220.35,69.18,1.72,253.5619,7.946889,242.1777
246.98,11.01,172.82,19.79,-4.16,254.0794,7.747213,200.7143
228.83,8.0,266.24,96.44,-2.82,249.1539,8.606673,262.498
249.68,9.17,185.32,57.05,1.14,294.4574,7.946442,210.8533
184.37,20.45,105.93,317.51,42.09,174.8846,25.49094,103.2458
84.93,8.0,46.13,304.36,0.54,62.90571,9.467058,61.17423
126.71,8.04,65.27,306.65,-0.7,92.07932,7.951895,90.78673
98.5,7.98,0.06,49.35,2.21,147.4137,7.895677,40.7543
5.93,8.48,68.14,22.19,17.11,13.45354,16.3861,81.78313
88.25,6.62,82.37,188.85,-3.34,93.05619,7.965333,75.53892
205.44,9.98,100.63,203.68,-6.86,195.8882,8.245848,78.11938
300.0,8.23,149.15,300.83,2.17,287.7273,10.09101,159.3296
163.93,9.98,220.76,309.79,-11.85,66.30072,10.55003,265.3349
6.92,7.97,29.14,75.57,6.61,40.61195,12.09778,53.80638
229.48,11.99,147.98,266.58,13.41,213.0133,15.77185,145.9107
243.68,10.31,172.47,183.49,4.49,239.7189,14.80202,127.7104
52.72,12.21,145.84,28.24,-9.63,70.52866,9.04991,183.6638
166.19,7.82,289.92,97.78,5.64,231.287,7.831884,275.0154
103.19,7.98,300.0,256.0,7.84,15.55493,10.67441,256.4491
152.49,8.0,300.0,88.47,4.92,226.3451,7.874794,255.3674
257.03,8.18,197.24,33.57,-2.56,276.231,7.888448,227.8045
300.0,9.63,100.3,229.94,10.41,285.7439,15.09474,91.34251
300.0,8.21,148.85,302.45,0.29,287.1093,10.29368,157.7679
209.39,7.97,300.0,183.68,6.94,206.147,5.266092,176.1985
300.0,9.22,267.23,126.54,10.13,230.7775,11.27044,152.5706
214.93,7.52,225.51,223.34,11.08,180.1779,12.08009,212.0616
143.4,7.97,14.62,305.64,8.39,100.6387,8.185428,154.7969
210.66,7.98,24.09,30.99,7.08,283.9763,7.860232,1.719773
255.42,41.19,105.65,295.63,-25.05,207.3456,9.053125,129.3547
196.33,6.38,264.27,204.16,6.91,236.9503,11.54412,139.2965
106.86,8.0,263.14,89.49,9.35,89.42117,8.579783,178.316
140.45,14.02,177.66,326.93,-33.75,126.098,7.842329,251.9115
169.75,11.33,64.59,207.01,-12.52,42.58851,11.55497,52.9688
229.63,9.35,194.66,256.57,8.88,213.3163,13.7464,189.4614
198.03,7.99,300.0,263.93,6.59,123.0252,7.830642,267.4141
233.9,7.99,300.0,86.8,9.15,255.8306,8.728095,188.7417
256.87,7.99,294.68,193.81,6.27,143.0624,7.688157,268.3817
221.4,7.98,296.41,140.03,3.27,268.994,7.82061,237.6704
236.36,7.97,231.07,136.99,0.4,280.3376,7.91128,207.6399
297.14,8.18,155.91,338.76,4.35,238.8737,7.88271,203.7502
158.05,7.97,0.0,286.43,5.75,60.95504,7.752294,33.08429
220.23,8.01,59.26,282.88,5.98,127.9683,7.760087,16.21477
259.95,12.59,176.77,61.04,1.41,292.3323,9.781133,265.4406
300.0,8.31,258.58,300.41,3.5,286.7924,9.946669,267.0226
247.22,7.99,293.87,145.26,5.52,234.681,7.824887,224.9521
236.88,7.98,223.78,162.47,5.72,251.0748,11.5961,173.2995
146.38,15.49,178.75,53.12,-6.77,163.8754,16.06551,192.0759
12.55,16.8,90.37,228.68,-39.34,0.08761501,5.161253,84.22982
98.28,7.97,57.14,331.18,-4.94,86.0932,7.876899,75.70103
211.94,7.99,64.78,211.16,-4.96,200.748,7.878496,47.21281
223.19,11.81,166.45,326.31,-2.03,207.4365,10.94204,192.0076
32.93,7.97,230.47,348.55,-4.82,29.77356,7.93001,251.4746
137.83,7.96,268.89,247.82,-4.71,121.676,7.831093,260.3683
252.6,7.97,300.0,198.37,-5.04,243.4787,7.844652,280.9909
185.54,7.48,286.24,144.51,-7.75,196.5054,6.808958,271.778
130.33,10.05,79.04,355.54,6.9,129.5599,12.43609,92.41538
168.11,13.47,68.89,75.47,-2.92,211.0536,7.78052,81.64712
107.41,9.51,148.57,190.72,-2.88,100.2677,9.054505,131.3602
47.29,10.2,243.7,323.15,-18.49,38.09373,7.79442,260.1581
64.91,8.22,277.79,131.67,-0.34,79.61446,11.06536,262.9295
90.03,12.86,178.51,181.35,-30.33,91.02418,7.819733,160.4268
132.82,7.99,51.03,318.78,-0.68,101.3706,7.841652,82.68013
202.2,7.98,4.08,264.66,2.28,138.8126,7.844186,5.514303
198.69,9.62,94.87,45.09,6.32,230.6913,12.29535,113.1667
136.83,22.92,165.53,341.23,-38.53,127.9182,8.089088,182.8506
153.04,22.31,88.9,212.7,-16.11,55.28268,7.499996,39.34567
8.92,7.98,213.38,129.61,5.48,68.75447,11.18078,190.5926
97.85,19.05,208.19,23.88,-20.12,84.41444,7.450471,301.3662
204.49,7.97,64.82,260.85,-3.14,184.0146,8.342683,60.14302
276.36,7.99,0.28,310.99,-5.0,265.4671,7.863832,14.07947
158.84,7.7,224.77,266.53,-18.48,143.5651,5.792716,220.1016
198.56,8.1,76.91,62.72,-8.39,235.2754,7.666911,270.494
157.4,7.98,39.23,265.33,-3.08,132.233,7.879756,34.80714
90.81,11.14,131.04,43.84,-13.6,101.2888,8.413072,143.9453
298.8,8.0,220.77,218.59,9.94,299.5808,7.507594,71.25161
51.16,7.97,21.9,126.02,9.22,203.3981,7.844208,36.8857
146.42,30.53,120.74,297.54,-41.62,125.0437,8.391045,125.0856
226.0,10.91,168.57,43.86,-5.18,249.4719,8.034448,194.101
59.09,8.9,268.87,82.49,9.84,178.8319,8.222289,241.1632
205.89,13.17,201.88,325.73,-1.14,144.6437,7.114825,243.1503
176.71,16.53,205.61,277.45,4.21,112.8945,7.760127,256.4926
144.87,23.79,117.83,298.87,-20.08,112.5103,10.32614,136.0658
102.4,7.99,16.56,58.17,-4.96,119.9389,7.881095,27.91715
42.25,12.99,54.53,350.65,35.77,42.17021,23.30702,63.70908
22.44,9.05,256.98,238.27,20.8,0.914146,20.70988,240.6218
143.67,7.98,282.26,145.96,1.96,157.0568,7.151783,223.3729
244.85,8.38,265.63,113.09,2.86,283.1459,7.937853,259.0112
292.85,8.03,46.22,252.11,-4.36,277.5982,8.942692,43.60982
126.76,8.3,70.31,188.44,-6.16,124.3852,7.733234,53.66323
127.07,7.84,192.79,73.95,-1.75,153.4531,8.476268,194.1586
218.99,7.97,300.0,252.88,4.98,204.0003,7.173959,218.3277
300.0,8.06,281.89,280.69,0.79,267.2534,8.360639,279.3921
241.81,7.99,218.98,124.35,-2.6,272.4635,7.868017,209.3787
91.26,7.98,71.21,322.97,3.34,72.62032,10.52771,97.60567
115.96,11.78,149.66,217.42,-6.59,85.48173,5.968354,-0.9372699
271.94,17.69,149.88,190.77,16.39,266.899,27.77578,117.4504
176.59,7.05,283.55,178.39,3.0,277.5371,7.674553,290.8656
168.74,8.01,42.04,335.21,10.47,284.2305,7.698605,234.4413
223.08,8.07,39.49,304.63,5.66,198.9528,9.680114,97.18187
76.65,7.97,0.0,17.98,6.82,187.4026,7.724492,34.6259
140.14,7.98,20.01,324.91,8.65,95.59584,7.974916,104.1696
85.25,7.97,300.0,247.52,10.07,9.93269,13.66053,268.273
300.0,93.3,243.28,164.95,3.23,183.3354,25.8802,151.7658
107.53,8.36,89.42,296.25,-2.33,87.52348,8.475226,104.4142
69.12,7.97,0.0,278.66,-4.01,49.36248,7.853357,1.749409
122.37,9.53,82.55,148.52,-1.09,134.4391,7.888011,29.75474
82.53,12.76,144.52,70.64,-25.71,94.34933,8.195395,150.2109
0.0,8.0,154.18,116.13,-2.53,24.51711,7.950811,144.1337
43.0,7.98,178.75,90.66,-4.96,63.64195,7.87393,177.9622
125.21,7.97,260.74,311.85,0.63,91.21637,7.867445,292.9046
158.02,12.68,192.56,212.42,-1.09,146.6138,16.65177,177.4453
212.85,8.0,82.82,172.27,9.99,263.2912,7.631137,256.904
300.0,8.05,160.32,256.74,12.86,278.5431,14.34132,155.5907
148.97,7.98,34.01,59.91,2.02,203.0235,7.839112,76.88016
101.18,7.99,21.53,59.79,7.84,125.8782,11.38813,97.60673
66.56,7.99,0.0,312.64,4.05,18.86696,8.785919,54.82874
124.14,7.98,45.15,274.87,4.28,57.55317,7.92565,31.31825
94.61,9.35,141.86,21.22,-4.71,105.9198,8.184404,169.4059
230.52,7.97,229.78,177.07,6.08,238.9305,9.394349,172.1658
296.51,8.73,145.9,29.03,-4.35,254.161,7.731728,249.0828
300.0,8.92,94.09,0.88,4.06,296.5074,8.100101,157.2953
294.96,7.99,42.87,262.05,-0.53,273.0313,9.05422,36.34121
195.56,7.97,26.36,219.59,-1.46,177.9453,7.857213,0.05405295
71.16,7.97,21.35,347.67,1.82,64.58192,8.844924,60.58128
0.0,7.97,0.0,31.0,5.09,26.38471,9.760695,54.44893
3.1,7.99,42.33,111.28,0.27,43.87275,7.933473,40.97232
25.98,7.97,198.81,350.72,2.3,24.29436,8.489703,245.8184
1.83,19.39,249.56,188.44,2.84,2.636518,15.60185,235.0554
63.72,8.0,282.76,125.77,-0.61,91.09536,8.170294,272.6558
77.0,8.74,172.11,101.92,4.18,134.2226,22.82707,148.3954
87.34,7.98,68.84,2.07,-2.78,88.64342,7.861595,96.51168
59.88,7.98,0.0,328.35,-1.99,42.58187,7.96431,25.55773
60.11,7.99,181.31,210.82,-4.95,46.43122,7.891663,161.3741
124.78,7.9,210.83,269.25,-0.43,110.5108,9.641552,210.7377
34.39,8.0,163.88,121.79,0.18,59.26307,9.07661,148.186
111.11,7.99,58.58,100.02,-0.78,141.0111,7.856909,48.85871
223.46,8.05,38.75,342.57,-0.69,211.2057,7.841964,76.72638
198.72,7.97,0.0,50.01,5.97,257.6808,10.91143,36.14608
135.15,7.97,2.13,13.97,7.09,127.14,11.46361,89.69976
158.6,15.31,187.63,49.11,7.48,135.5059,7.595754,294.331
200.17,6.05,244.43,134.74,-6.22,213.0721,6.466051,234.5467
232.95,7.97,300.0,161.41,-3.98,243.045,7.885866,278.1292
171.47,7.98,300.0,160.78,-0.76,165.8284,5.266972,249.0048
206.35,17.73,184.41,136.72,-14.72,223.2337,11.36823,167.2758
271.84,32.64,90.06,69.17,6.18,300.1831,9.198216,128.1128
182.74,7.98,40.1,73.91,-5.03,201.8799,7.874461,46.2239
90.38,11.03,122.52,204.56,1.33,84.14597,7.782502,88.3004
43.73,8.04,268.29,188.31,0.18,37.87833,7.897823,218.9432
154.12,8.0,41.84,228.59,-5.26,138.8059,7.804229,27.70809
248.24,37.21,84.0,170.2,-16.39,247.294,10.47403,36.60545
286.45,8.32,185.43,290.91,-1.49,266.3452,9.043034,190.4053
241.28,7.99,300.0,272.58,-5.0,224.9427,7.88728,299.6946
145.13,6.23,229.34,77.06,-5.06,235.636,7.792172,291.4159
70.11,8.85,180.06,22.11,20.41,70.14338,11.4005,186.8518
71.64,6.43,67.57,277.12,27.89,63.1301,13.27375,68.14854
217.3,8.0,59.43,63.58,9.98,254.2227,12.39262,155.5767
300.0,9.51,130.4,358.91,5.38,248.0581,7.721437,256.5531
269.26,20.39,66.3,190.78,-8.51,282.3679,7.622172,9.788687
160.56,7.98,9.25,310.34,3.51,124.6633,7.827671,65.76801
101.85,7.97,71.7,306.48,0.84,74.52071,8.863006,92.31009
41.64,8.07,290.1,178.89,-4.1,41.65144,7.944956,268.3533
33.32,7.97,219.55,131.92,-5.06,159.142,37.77528,162.5216
84.32,18.63,188.2,189.13,-36.35,80.4828,9.417305,173.163
173.5,8.54,242.73,172.15,4.09,208.3459,12.35246,203.2429
140.44,7.98,41.11,27.7,8.48,153.2631,13.17031,71.77616
206.79,8.0,24.55,13.41,6.09,211.3843,8.399341,98.18278
276.28,7.99,219.8,224.49,0.51,253.2648,8.809527,188.6911
249.09,7.97,295.33,161.57,-4.95,254.3199,8.035221,277.1201
272.82,8.0,218.15,297.03,-5.05,254.6448,7.930267,228.7907
256.8,19.79,136.44,311.7,-28.61,227.3824,10.40671,166.4645
59.63,7.99,172.51,52.7,3.12,73.05153,10.63772,182.4203
204.84,19.83,160.37,180.25,-3.44,223.7339,9.585904,109.8172
255.5,40.86,82.65,273.11,-12.99,214.7044,7.368226,90.51057
266.89,7.99,0.0,310.0,-4.95,250.7466,7.899354,12.2568
273.37,10.08,43.23,218.98,-3.77,249.1003,7.842,13.6221
244.72,23.9,116.31,118.49,45.39,249.1767,30.30385,113.2017
113.17,7.97,259.19,73.46,-3.19,139.9551,7.853792,266.9033
128.41,10.07,177.75,89.7,16.09,154.3188,13.49349,179.4677
82.86,8.0,62.02,66.2,3.26,134.0861,8.275223,109.3668
267.33,7.98,10.24,340.32,9.78,222.8774,12.31555,135.7233
199.61,8.08,77.69,325.9,6.35,190.8492,12.38238,98.2305
188.27,14.72,204.53,122.62,9.8,251.7615,7.893687,204.2729
144.69,18.53,97.19,313.17,-28.72,63.13636,10.30831,68.48515
79.32,7.98,47.9,326.57,0.59,65.62196,9.06043,77.28119
196.34,24.62,135.46,61.26,-27.1,215.3852,15.10005,146.4172
112.03,9.57,191.21,298.75,18.33,94.58665,21.44459,203.5675
83.53,11.42,260.59,69.99,-8.09,112.0997,7.76214,272.2543
33.97,8.0,155.01,217.95,9.93,23.1644,13.60135,137.8073
128.69,16.36,140.5,43.99,38.24,139.0858,29.75679,150.7112
218.06,10.12,211.0,329.12,-3.84,185.8181,6.685007,238.1514
213.53,14.81,169.77,88.86,-32.28,224.4744,10.70107,168.9209
187.97,8.0,48.6,222.69,-0.72,169.1236,7.889484,26.41932
231.18,7.98,0.0,31.95,-1.74,245.394,8.339113,22.83231
273.4,14.12,59.62,184.73,-16.61,253.5578,7.769601,-0.02105689
188.22,11.44,85.15,60.98,-14.52,202.385,9.113714,96.82749
0.0,7.99,147.49,96.12,3.6,48.0562,9.511395,144.2622
63.68,8.81,54.63,249.84,10.57,14.27919,7.868637,9.513145
68.02,14.45,151.4,331.56,-27.29,59.95176,7.315242,167.8242
26.46,8.18,255.87,88.97,-3.67,43.99582,8.25727,258.0359
142.03,6.54,228.67,128.22,-5.13,163.7171,6.129669,214.7792
216.61,14.99,149.89,263.77,17.94,196.8652,23.34379,148.4326
193.71,8.78,77.66,163.31,-7.06,219.6318,7.932451,42.08507
101.22,8.18,111.02,97.74,-3.03,110.8914,8.549883,112.4548
45.22,8.13,143.96,172.25,12.72,51.05988,16.50203,132.7329
140.9,9.42,68.63,257.5,-13.86,126.1515,7.628966,65.84205
151.31,8.0,0.0,63.7,2.64,204.6998,7.884624,19.62777
198.33,7.99,17.21,97.68,9.3,299.8225,7.986111,78.99809
154.22,16.18,182.27,268.57,-26.7,138.2065,8.372893,184.6205
113.94,7.98,300.0,41.06,8.78,211.7738,5.488149,205.9497
54.38,12.05,250.98,329.16,-12.55,41.8418,7.627302,273.4662
0.0,9.37,124.47,178.61,-2.24,132.0975,7.6466,173.6556
8.88,7.98,179.42,44.0,7.29,15.93297,10.74302,250.0012
232.32,13.35,70.41,86.38,32.42,243.5286,23.05842,70.57701
151.58,8.27,53.4,190.21,-8.98,147.1001,7.894103,39.53091
36.8,8.06,40.49,309.01,-4.36,21.26783,8.438532,51.00014
7.2,12.09,93.51,199.15,-20.68,2.660294,8.302722,82.44118
63.36,8.34,191.47,97.66,12.82,76.19167,11.43775,189.1095
208.65,12.8,202.05,328.61,-6.86,194.8116,4.787949,233.9522
247.89,22.69,65.06,190.17,-27.99,155.9051,7.63274,20.2645
300.0,8.02,61.96,302.7,8.67,283.3127,12.63618,76.32566
288.85,8.4,53.72,304.03,11.27,275.9307,13.25414,63.57361
188.8,11.49,87.72,149.7,-13.72,211.3551,7.885119,50.7965
104.97,9.36,133.52,42.1,7.04,116.0706,11.40834,152.7741
29.21,41.34,78.7,343.31,-2.35,28.68356,39.6992,76.14639
24.91,9.98,54.15,348.76,20.09,23.89861,16.42137,64.46078
76.88,10.54,265.55,138.41,13.72,150.8325,6.680329,206.3916
119.35,8.11,216.45,123.76,-3.87,152.4143,6.527772,197.3231
52.49,16.06,139.69,26.89,-15.33,55.60786,11.691,149.722
71.38,12.23,212.78,24.46,13.62,79.83376,18.37214,227.8389
